{"IcoMoonType":"selection","icons":[{"icon":{"paths":["M316 366l196 196 196-196 60 60-256 256-256-256z"],"attrs":[],"isMulticolor":false,"isMulticolor2":false,"tags":["keyboard_arrow_down"],"grid":24},"attrs":[],"properties":{"ligatures":"keyboard_arrow_down","id":342,"order":4,"prevSize":24,"code":59648,"name":"keyboard_arrow_down"},"setIdx":8,"setId":11,"iconIdx":342},{"icon":{"paths":["M658 708l-60 60-256-256 256-256 60 60-196 196z"],"attrs":[],"isMulticolor":false,"isMulticolor2":false,"tags":["keyboard_arrow_left"],"grid":24},"attrs":[],"properties":{"ligatures":"keyboard_arrow_left","id":343,"order":5,"prevSize":24,"code":59649,"name":"keyboard_arrow_left"},"setIdx":8,"setId":11,"iconIdx":343},{"icon":{"paths":["M366 708l196-196-196-196 60-60 256 256-256 256z"],"attrs":[],"isMulticolor":false,"isMulticolor2":false,"tags":["keyboard_arrow_right"],"grid":24},"attrs":[],"properties":{"ligatures":"keyboard_arrow_right","id":344,"order":6,"prevSize":24,"code":59650,"name":"keyboard_arrow_right"},"setIdx":8,"setId":11,"iconIdx":344},{"icon":{"paths":["M316 658l-60-60 256-256 256 256-60 60-196-196z"],"attrs":[],"isMulticolor":false,"isMulticolor2":false,"tags":["keyboard_arrow_up"],"grid":24},"attrs":[],"properties":{"ligatures":"keyboard_arrow_up","id":345,"order":7,"prevSize":24,"code":59651,"name":"keyboard_arrow_up"},"setIdx":8,"setId":11,"iconIdx":345},{"icon":{"paths":["M726 768q34 0 59 26t25 60-25 59-59 25-60-25-26-59 26-60 60-26zM42 86h140l40 84h632q18 0 30 13t12 31q0 2-6 20l-152 276q-24 44-74 44h-318l-38 70-2 6q0 10 10 10h494v86h-512q-34 0-59-26t-25-60q0-20 10-40l58-106-154-324h-86v-84zM298 768q34 0 60 26t26 60-26 59-60 25-59-25-25-59 25-60 59-26z"],"attrs":[],"isMulticolor":false,"isMulticolor2":false,"tags":["local_grocery_store","shopping_cart"],"grid":24},"attrs":[],"properties":{"ligatures":"local_grocery_store, shopping_cart","id":542,"order":8,"prevSize":24,"code":59652,"name":"local_grocery_store"},"setIdx":8,"setId":11,"iconIdx":542}],"height":1024,"metadata":{"name":"icomoon"},"preferences":{"showGlyphs":true,"showCodes":true,"showQuickUse":true,"showQuickUse2":true,"showSVGs":true,"fontPref":{"prefix":"icon-","metadata":{"fontFamily":"icomoon"},"metrics":{"emSize":1024,"baseline":6.25,"whitespace":50},"embed":false},"imagePref":{"prefix":"icon-","png":true,"useClassSelector":true,"color":0,"bgColor":16777215,"name":"icomoon","classSelector":".icon"},"historySize":50}}